ID,Name,Description
U0072_U02B2_U02D0_rj:,rʲː,
U00E6_ae,æ,
U0281_U02B7_Rw,ʁʷ,
U015D_s,ŝ,
U014B_NG,ŋ,
U0064_U032A_U02E0_dG,d̪ˠ,
U006F_U0069_U032F_oi,oi̯,
U007A_U032A_U02B2_zj,z̪ʲ,
U026A_U0308_I,ɪ̈,
U0064_U0324_U0292_U0324_U02B1_dZh,d̤ʒ̤ʱ,
U006F_U031E_U0069_U032F_oi,o̞i̯,
U0071_U03C7_U02B0_qkhh,qχʰ,
U007A_U033A_z,z̺,
U025B_U0324_U02D0_e:,ɛ̤ː,
U0064_U033B_U0324_U02B1_dh,d̻̤ʱ,
U0251_U0324_U02D0_a:,ɑ̤ː,
U025B_U0303_U02D0_U0069_U032F_e:i,ɛ̃ːi̯,
U025C_U0339_U02D0_e:,ɜ̹ː,
U0069_U025B_ie,iɛ,
U0289_U0303_U02D0_u:,ʉ̃ː,
U0275_U031F_U02D0_o:,ɵ̟ː,
U0076_U02E0_vG,vˠ,
U0268_U0250_ia,ɨɐ,
U0074_U032A_U0073_U032A_U02B0_U02B7_tshw,t̪s̪ʰʷ,
U0292_U02B7_Zw,ʒʷ,
U0073_U02B0_sh,sʰ,
U02BC_U0062_'b,ʼb,
U0071_U02BC_U02B7_U02B2_q'wj,qʼʷʲ,
U025E_U031C_U0330_e,ɞ̜̰,
U0065_U0303_U026A_U0303_eI,ẽɪ̃,
U0069_U032F_U0061_ia,i̯a,
U0272_U031F_n,ɲ̟,
U0077_U006F_U0303_wo,wõ,
U0259_U006A_@j,əj,
U0153_U0320_oe,œ̠,
U00E6_U0075_U032F_aeu,æu̯,
U0268_i,ɨ,
U0061_U0075_au,au,
U0072_U0329_U02D0_r:,r̩ː,
U026F_U02D0_W:,ɯː,
U0263_U02B2_gj,ɣʲ,
U0069_U0069_ii,ii,
U0072_U02B0_rh,rʰ,
U0065_U02DE_eR,e˞,
U026A_U025B_Ie,ɪɛ,
U00E4_U02D0_a:,äː,
U02B0_U0074_U0073_hts,ʰts,
U0268_U0339_U02D0_i:,ɨ̹ː,
U0072_U032A_r,r̪,
U0073_U02BC_s',sʼ,
U0079_U0303_U0153_U02D0_yoe:,ỹœː,
U0074_U032A_U02B7_U02B2_twj,t̪ʷʲ,
U00E6_U02D0_U028A_ae:U,æːʊ,
U0259_U031E_U0306_@,ə̞̆,
U006B_U02D0_U02B0_k:h,kːʰ,
U007A_U0347_z,z͇,
U0062_U0325_U02D0_b:,b̥ː,
U0064_U0291_dz,dʑ,
U0075_U0259_u@,uə,
U006A_U0065_je,je,
U0285_S,ʅ,
U006E_U02B0_nh,nʰ,
U027E_U032A_U02E0_rG,ɾ̪ˠ,
U006E_U02B1_nh,nʱ,
U0074_U033A_U0283_U033A_U02B7_tSw,t̺ʃ̺ʷ,
U0264_U0075_uu,ɤu,
U0061_U0303_U0324_a,ã̤,
U0064_U0325_U007A_U0325_U02B2_dzj,d̥z̥ʲ,
U0075_u,u,
U207F_U0062_nb,ⁿb,
U0069_U0303_U02D0_i:,ĩː,
U015D_U02BC_U02B7_s'w,ŝʼʷ,
U0061_U006F_ao,ao,
U00F8_U031E_o,ø̞,
U025B_U006F_eo,ɛo,
U0020_U0254_U0069_ oi, ɔi,
U00E6_U026A_U032F_aeI,æɪ̯,
U0070_U02B2_U02D0_pj:,pʲː,
U00F8_U0303_U02D0_o:,ø̃ː,
U028A_U032F_U,ʊ̯,
U0062_b,b,
U0295_?,ʕ,
U027F_U0339_r,ɿ̹,
U007A_U032A_U033B_z,z̪̻,
U026F_U0251_Wa,ɯɑ,
U0065_U031E_e,e̞,
U006E_U02B2_nj,nʲ,
U0064_U007A_dz,dz,
U0071_U033A_q,q̺,
U0074_U032A_U0073_U032A_U02BC_U02B2_ts'j,t̪s̪ʼʲ,
U0069_U025C_ie,iɜ,
U0074_U026C_U02BC_U02B7_tl'w,tɬʼʷ,
U0294_U02B7_?w,ʔʷ,
U0074_U032A_U02BC_U02B2_t'j,t̪ʼʲ,
U0075_U0061_ua,ua,
U0074_U032A_U0073_U032A_U02B7_tsw,t̪s̪ʷ,
U0292_U030A_Z,ʒ̊,
U0074_U0283_U02D0_U02B7_tS:w,tʃːʷ,
U0252_U0303_a,ɒ̃,
U0251_U0077_aw,ɑw,
U0067_U030A_g,g̊,
U006C_U02B2_U02D0_U02D0_lj::,lʲːː,
U0075_U02D0_U02D0_u::,uːː,
U0071_U02B0_U02B2_qhj,qʰʲ,
U006E_U033B_n,n̻,
U0071_U03C7_U02D0_U02B0_qkh:h,qχːʰ,
U006B_U2019_k',k’,
U0077_U00E6_U0069_waei,wæi,
U006D_U0020_m ,m ,
U0071_U02D0_q:,qː,
U006B_U02B0_U02B2_khj,kʰʲ,
U0064_U033A_d,d̺,
U0072_U031D_r,r̝,
U0254_U0069_U032F_oi,ɔi̯,
U006A_U025B_je,jɛ,
U0289_U0330_u,ʉ̰,
U0074_U033A_U0073_U033A_U02D0_ts:,t̺s̺ː,
U00E7_c,ç,
U028B_U02B2_vj,ʋʲ,
U025F_U0325_U029D_U0325_jj,ɟ̥ʝ̥,
U00E6_U0330_ae,æ̰,
U0079_U00E6_yae,yæ,
U0291_U02B0_zh,ʑʰ,
U0074_U032A_U02E4_t?,t̪ˤ,
U0292_Z,ʒ,
U0074_U0255_tc,tɕ,
U0075_U0251_U0303_ua,uɑ̃,
U0284_j,ʄ,
U0074_U032A_U02BC_U02B7_U02B2_t'wj,t̪ʼʷʲ,
U0079_U0065_ye,ye,
U006E_n,n,
U0069_i,i,
U207F_U0262_ng,ⁿɢ,
U0073_U02B7_sw,sʷ,
U0069_U0259_i@,iə,
U02C0_U014B_?NG,ˀŋ,
U0075_U032F_u,u̯,
U207F_U0074_nt,ⁿt,
U0074_U0073_ts,ts,
U0077_U0259_w@,wə,
U007A_U02D0_z:,zː,
U027E_U0325_U02B2_rj,ɾ̥ʲ,
U0065_U031E_U0303_e,ẽ̞,
U0064_U0292_U033B_dZ,dʒ̻,
U0061_U0303_U0077_U0303_aw,ãw̃,
U0069_U0075_U032F_iu,iu̯,
U006A_U00E6_U0069_jaei,jæi,
U0264_U0061_U0324_ua,ɤa̤,
U025B_U031D_e,ɛ̝,
U006B_U02BC_U02D0_k':,kʼː,
U0064_U0347_U007A_U0347_dz,d͇z͇,
U025B_U0069_ei,ɛi,
U0061_U02D0_U0075_U032F_a:u,aːu̯,
U0075_U031E_u,u̞,
U014B_U0325_NG,ŋ̥,
U006F_U0251_oa,oɑ,
U207F_U0288_U0282_U02B0_ntsh,ⁿʈʂʰ,
U006B_U02B0_U02B7_U02B2_khwj,kʰʷʲ,
U006E_U0325_U032A_n,n̥̪,
U026A_U0330_I,ɪ̰,
U029C_H,ʜ,
U025E_U031C_U02D0_e:,ɞ̜ː,
U006F_U031E_U031C_U02D0_o:,o̞̜ː,
U0069_U026A_U032F_iI,iɪ̯,
U0079_U0330_y,y̰,
U026C_U02B2_lj,ɬʲ,
U0073_U032A_U02B7_sw,s̪ʷ,
U0075_U006F_U02D0_uo:,uoː,
U0065_U0324_e,e̤,
U006A_U0254_jo,jɔ,
U0268_U0324_i,ɨ̤,
U00F8_U02D0_U0079_U032F_o:y,øːy̯,
U02A1_U02E4_??,ʡˤ,
U0268_U0259_i@,ɨə,
U0061_U0320_U02D0_a:,a̠ː,
U207F_U0074_U032A_U0073_U032A_U02B0_ntsh,ⁿt̪s̪ʰ,
U0065_U0061_ea,ea,
U00E6_U02D0_ae:,æː,
U0074_U02D0_t:,tː,
U025B_U0320_e,ɛ̠,
U0254_U031D_U02D0_o:,ɔ̝ː,
U028B_v,ʋ,
U0074_U032A_U02B0_U02B7_U02B2_thwj,t̪ʰʷʲ,
U0251_U031F_a,ɑ̟,
U0268_U02D0_i:,ɨː,
U0285_U0339_S,ʅ̹,
U0077_U0259_U0303_w@,wə̃,
U0289_U0075_uu,ʉu,
U0278_F,ɸ,
U0061_U02E4_a?,aˤ,
U026F_U0069_Wi,ɯi,
U0283_U02B0_Sh,ʃʰ,
U006F_U031E_U031C_o,o̞̜,
U0074_U015D_U02B0_tsh,tŝʰ,
U006F_U0303_U02D0_U0075_o:u,õːu,
U0259_U031F_U0306_@,ə̟̆,
U006F_U02D0_U0075_U032F_o:u,oːu̯,
U0074_U032A_U02B0_U02B7_thw,t̪ʰʷ,
U00F8_U0303_o,ø̃,
U025B_U0061_U031F_ea,ɛa̟,
U027D_r,ɽ,
U0062_U0324_U02B1_bh,b̤ʱ,
U026D_U0325_l,ɭ̥,
U006B_U02B0_kh,kʰ,
U0262_U0325_g,ɢ̥,
U006E_U033A_U032A_n,n̺̪,
U207F_U0261_ng,ⁿɡ,
U0254_U02D0_U0303_o:,ɔː̃,
U026B_U0325_l,ɫ̥,
U00F8_o,ø,
U026B_l,ɫ,
U0061_U02D0_U026F_a:W,aːɯ,
U0266_h,ɦ,
U0289_U0303_u,ʉ̃,
U0077_U0254_wo,wɔ,
U028C_U0077_^w,ʌw,
U0264_U0251_ua,ɤɑ,
U0064_U0291_U02B0_dzh,dʑʰ,
U03B8_U032A_th,θ̪,
U0258_U031F_e,ɘ̟,
U0076_U0329_v,v̩,
U0073_U033A_s,s̺,
U207F_U006B_nk,ⁿk,
U026A_U032F_U0061_Ia,ɪ̯a,
U006F_U02D0_U02D0_o::,oːː,
U0064_U0325_U007A_U0325_dz,d̥z̥,
U0064_U0292_U02B1_dZh,dʒʱ,
U0073_s,s,
U0261_U02B7_gw,ɡʷ,
U03C7_U02E4_U02B7_kh?w,χˤʷ,
U0288_U0282_ts,ʈʂ,
U0074_U032A_U033B_t,t̪̻,
U014B_U031F_NG,ŋ̟,
U00E7_U02D0_c:,çː,
U0255_U02B0_ch,ɕʰ,
U0250_U02D0_a:,ɐː,
U0074_U0283_U02E4_tS?,tʃˤ,
U0259_U0330_@,ə̰,
U0065_U0259_e@,eə,
U0294_U02BC_?',ʔʼ,
U006C_U02B2_U02D0_lj:,lʲː,
U207F_U0070_U02B0_nph,ⁿpʰ,
U0065_U026A_U0303_eI,eɪ̃,
U028F_U0303_Y,ʏ̃,
U0250_a,ɐ,
U0075_U032F_U0303_u,ũ̯,
U207F_U0070_np,ⁿp,
U0075_U006A_uj,uj,
U207F_U0288_U027D_U02B0_ntrh,ⁿʈɽʰ,
U006A_U0075_U02D0_ju:,juː,
U006F_U0069_oi,oi,
U006B_U02BC_k',kʼ,
U0074_U032A_U02E0_tG,t̪ˠ,
U0075_U0303_U02D0_u:,ũː,
U0073_U0329_s,s̩,
U025B_U0069_U032F_ei,ɛi̯,
U0069_U0061_U0075_iau,iau,
U0075_U025C_ue,uɜ,
U0074_U032A_U033A_t,t̪̺,
U0067_U02B1_gh,gʱ,
U0264_U031F_U0324_U02D0_u:,ɤ̟̤ː,
U028A_U02D0_U:,ʊː,
U0074_U02D0_U02D0_t::,tːː,
U0062_U02E4_b?,bˤ,
U0061_U0077_aw,aw,
U006A_U025B_U0069_U032F_jei,jɛi̯,
U0254_U02D0_U0069_o:i,ɔːi,
U00E6_U006F_aeo,æo,
U0072_U0325_r,r̥,
U0251_U031F_U02D0_a:,ɑ̟ː,
U0063_c,c,
U028F_U02D0_Y:,ʏː,
U0074_U02B0_U02B2_thj,tʰʲ,
U0074_U02B2_U02D0_tj:,tʲː,
U025B_U0324_e,ɛ̤,
U014B_U02B2_U02D0_NGj:,ŋʲː,
U007A_U033B_z,z̻,
U0292_U02E4_Z?,ʒˤ,
U0288_U0282_U02B0_tsh,ʈʂʰ,
U00F8_U0075_ou,øu,
U0255_U2019_c',ɕ’,
U028F_Y,ʏ,
U0061_U02D0_U0069_U032F_a:i,aːi̯,
U006B_U02E4_k?,kˤ,
U0073_U033B_s,s̻,
U0264_U02D0_u:,ɤː,
U006B_U02B0_U02B7_khw,kʰʷ,
U006E_U032A_U02B0_nh,n̪ʰ,
U0254_U031E_o,ɔ̞,
U0066_f,f,
U00E6_U0069_U032F_aei,æi̯,
U0074_U032A_U02B7_tw,t̪ʷ,
U0070_U2019_p',p’,
U0254_U0075_ou,ɔu,
U0064_U0320_U02B2_dj,d̠ʲ,
U026F_U031D_W,ɯ̝,
U0078_x,x,
U0074_U032A_U0073_U032A_U02BC_U02B7_ts'w,t̪s̪ʼʷ,
U00F8_U0069_oi,øi,
U0259_U02D0_U0303_@:,əː̃,
U026C_U02BC_l',ɬʼ,
U0065_e,e,
U00E4_a,ä,
U207F_U0074_U0283_U02B0_ntSh,ⁿtʃʰ,
U0064_d,d,
U0061_U0075_U02D0_au:,auː,
U0289_U0153_U0320_uoe,ʉœ̠,
U026F_U0330_W,ɯ̰,
U0254_U006F_oo,ɔo,
U02B0_U0074_U0283_U02D0_htS:,ʰtʃː,
U0268_U025B_ie,ɨɛ,
U029C_U02B7_Hw,ʜʷ,
U006A_U02D0_U02D0_j::,jːː,
U0072_r,r,
U0077_U025B_we,wɛ,
U025B_U0075_U032F_eu,ɛu̯,
U0268_U0061_U0320_ia,ɨa̠,
U027F_U0330_r,ɿ̰,
U0276_OE,ɶ,
U026F_U0303_W,ɯ̃,
U0079_U0153_U02D0_yoe:,yœː,
U0067_U02B0_gh,gʰ,
U0074_U032A_U02B0_U02B2_thj,t̪ʰʲ,
U0273_n,ɳ,
U0079_U0259_y@,yə,
U027E_U032A_U02B2_rj,ɾ̪ʲ,
U0071_U02B7_U02B0_qwh,qʷʰ,
U0063_U02BC_c',cʼ,
U0074_U0283_U02D0_U02BC_tS:',tʃːʼ,
U0065_U02D0_U0069_U032F_e:i,eːi̯,
U0075_U031E_U02D0_u:,u̞ː,
U0074_U032A_U02E0_U02B0_tGh,t̪ˠʰ,
U207F_U0064_U0291_ndz,ⁿdʑ,
U0251_U02D0_U02D0_a::,ɑːː,
U0069_U0303_U0324_U02D0_i:,ĩ̤ː,
U207F_U0074_U0255_U02B0_ntch,ⁿtɕʰ,
U0068_U02D0_U02D0_h::,hːː,
U026F_U0324_U02D0_W:,ɯ̤ː,
U0251_U031D_a,ɑ̝,
U0074_U032A_U02B0_th,t̪ʰ,
U0254_U0065_oe,ɔe,
U0153_U0303_oe,œ̃,
U006C_l,l,
U207F_U006B_U02B0_nkh,ⁿkʰ,
U0073_U032A_U02D0_s:,s̪ː,
U0294_U02E4_??,ʔˤ,
U006D_m,m,
U0062_U02E0_bG,bˠ,
U0061_U0324_U02D0_a:,a̤ː,
U02A2_?,ʢ,
U0074_U015D_U02B7_tsw,tŝʷ,
U0079_U0061_ya,ya,
U0070_U02D0_p:,pː,
U0079_U0303_U0153_yoe,ỹœ,
U0071_q,q,
U0288_U027D_U02B0_trh,ʈɽʰ,
U0064_U033A_U0292_U033A_U02B7_dZw,d̺ʒ̺ʷ,
U0069_U0259_U032F_i@,iə̯,
U207F_U0071_nq,ⁿq,
U02C0_U0077_?w,ˀw,
U207F_U0256_U0290_ndz,ⁿɖʐ,
U026C_U02D0_l:,ɬː,
U0064_U007A_U02B2_dzj,dzʲ,
U0258_U0069_ei,ɘi,
U0061_U02D0_U0069_a:i,aːi,
U0264_U0324_U02D0_u:,ɤ̤ː,
U006F_U0077_ow,ow,
U0065_U0075_U032F_eu,eu̯,
U0259_U0324_@,ə̤,
U0264_U0324_u,ɤ̤,
U026B_U032A_l,ɫ̪,
U026A_U0306_I,ɪ̆,
U014B_U030A_NG,ŋ̊,
U025E_U0303_U031C_U02D0_e:,ɞ̜̃ː,
U026D_l,ɭ,
U028C_U0324_U02D0_^:,ʌ̤ː,
U0079_U032F_U00F8_yo,y̯ø,
U00F8_U0079_oy,øy,
U0069_U0254_io,iɔ,
U028A_U0061_Ua,ʊa,
U0281_U02D0_R:,ʁː,
U006F_U0075_ou,ou,
U0288_t,ʈ,
U0064_U1E91_dz,dẑ,
U006D_U02E4_m?,mˤ,
U00F8_U0330_o,ø̰,
U0074_U0283_U02B7_U02B0_tSwh,tʃʷʰ,
U0069_U032F_U0075_U0303_U006F_iuo,i̯ũo,
U0258_U0079_ey,ɘy,
U0070_U02B0_U02B2_phj,pʰʲ,
U0074_U02B2_U02D0_U02D0_tj::,tʲːː,
U0077_U0065_U0069_wei,wei,
U0061_U0270_aW,aɰ,
U006E_U02B2_U02D0_U02D0_nj::,nʲːː,
U0254_U028F_oY,ɔʏ,
U006F_U031E_U02D0_o:,o̞ː,
U00F8_U0065_oe,øe,
U0069_U025B_U0069_U032F_iei,iɛi̯,
U0279_r,ɹ,
U028A_U026A_UI,ʊɪ,
U006E_U0325_U02B2_U02D0_nj:,n̥ʲː,
U0255_c,ɕ,
U0264_u,ɤ,
U0268_U006A_ij,ɨj,
U025B_U0320_U02D0_e:,ɛ̠ː,
U0074_U032A_U0073_U032A_ts,t̪s̪,
U006D_U02D0_U02D0_m::,mːː,
U0071_U02BC_q',qʼ,
U0069_U006F_io,io,
U0076_v,v,
U0075_U0061_U0303_ua,uã,
U0074_U02E4_t?,tˤ,
U0074_U0283_U033B_U02B0_tSh,tʃ̻ʰ,
U0276_U02D0_OE:,ɶː,
U0074_U033A_U0255_U033A_tc,t̺ɕ̺,
U0250_U0069_ai,ɐi,
U0075_U0065_ue,ue,
U025B_U031D_U02D0_e:,ɛ̝ː,
U0074_U033B_U02B0_th,t̻ʰ,
U02B0_U0074_U02D0_ht:,ʰtː,
U0254_U031C_o,ɔ̜,
U0254_U0303_o,ɔ̃,
U0250_U031F_a,ɐ̟,
U006A_U0075_ju,ju,
U025B_U006A_ej,ɛj,
U0074_U032A_U02BC_U02E4_t'?,t̪ʼˤ,
U028A_U,ʊ,
U026C_l,ɬ,
U0076_U0325_v,v̥,
U028A_U033D_U,ʊ̽,
U0065_U02D0_U02D0_e::,eːː,
U03B2_U031E_b,β̞,
U026A_U032F_I,ɪ̯,
U0074_U033A_U02B0_th,t̺ʰ,
U0070_U02E0_U02B0_pGh,pˠʰ,
U0071_U02B7_U02BC_qw',qʷʼ,
U0259_U0303_U0075_U0303_@u,ə̃ũ,
U006A_j,j,
U006E_U032A_n,n̪,
U0069_U0324_i,i̤,
U0153_U0303_U02D0_oe:,œ̃ː,
U006A_U02D0_j:,jː,
U0077_U025B_U0069_U032F_wei,wɛi̯,
U0268_U0324_U02D0_i:,ɨ̤ː,
U0069_U02D0_U025B_i:e,iːɛ,
U0064_U0325_U0292_U030A_dZ,d̥ʒ̊,
U0061_U0320_a,a̠,
U0153_U0303_U025B_U0303_oee,œ̃ɛ̃,
U007A_U032A_U02B7_zw,z̪ʷ,
U0272_n,ɲ,
U0061_U0069_ai,ai,
U00E6_U02D0_U02D0_ae::,æːː,
U0259_@,ə,
U0259_U0069_U0303_@i,əĩ,
U0256_U027D_dr,ɖɽ,
U02A2_U02B7_?w,ʢʷ,
U0074_U033B_U0073_U033B_U032A_ts,t̻s̻̪,
U0069_U032F_U0303_i,ĩ̯,
U0251_U0252_aa,ɑɒ,
U0074_U032A_U0073_U032A_U02D0_ts:,t̪s̪ː,
U025B_U0303_e,ɛ̃,
U0064_U02D0_d:,dː,
U0256_U0325_U0290_U0325_dz,ɖ̥ʐ̥,
U0074_U033A_U0283_U033A_tS,t̺ʃ̺,
U0066_U02B2_fj,fʲ,
U0071_U02B7_U02B2_qwj,qʷʲ,
U026A_U032F_U0075_U031E_Iu,ɪ̯u̞,
U0265_U030A_Y,ɥ̊,
U006D_U0325_U02D0_m:,m̥ː,
U0063_U02B0_ch,cʰ,
U027E_U032A_r,ɾ̪,
U026F_U031E_W,ɯ̞,
U02BC_U0272_'n,ʼɲ,
U028E_U031F_y,ʎ̟,
U0254_U031E_U0303_U02D0_o:,ɔ̞̃ː,
U025C_U02D0_e:,ɜː,
U0268_U031E_i,ɨ̞,
U0069_U0251_U0075_iau,iɑu,
U0268_U0303_U031E_U02D0_i:,ɨ̞̃ː,
U006C_U032A_l,l̪,
U0061_U0069_U032F_ai,ai̯,
U0069_U032F_i,i̯,
U0251_U02DE_aR,ɑ˞,
U0074_U032A_U02B0_U02E4_th?,t̪ʰˤ,
U0291_z,ʑ,
U006E_U02E4_n?,nˤ,
U0074_U0073_U02BC_U02B7_ts'w,tsʼʷ,
U0064_U0292_U033B_U02B1_dZh,dʒ̻ʱ,
U0074_U033B_U0073_U033B_ts,t̻s̻,
U0070_U02B7_pw,pʷ,
U02B0_U0074_U0073_U02B2_htsj,ʰtsʲ,
U0273_U0325_n,ɳ̥,
U025B_U0303_U0324_U02D0_e:,ɛ̤̃ː,
U0153_U0330_U02D0_oe:,œ̰ː,
U006B_U02BC_U02B2_k'j,kʼʲ,
U0071_U02BC_U02D0_q':,qʼː,
U0069_U032F_U025B_ie,i̯ɛ,
U0288_U027D_tr,ʈɽ,
U0250_U0069_U032F_ai,ɐi̯,
U006F_U02D0_U0075_o:u,oːu,
U0071_U03C7_U02D0_U02BC_qkh:',qχːʼ,
U0294_U02D0_?:,ʔː,
U0065_U0061_U0324_ea,ea̤,
U0074_U0320_U02B2_tj,t̠ʲ,
U0061_U028A_aU,aʊ,
U0073_U02B2_sj,sʲ,
U006F_U0259_o@,oə,
U0074_U0073_U032A_ts,ts̪,
U026F_U0303_U02D0_W:,ɯ̃ː,
U0074_U0255_U02D0_tc:,tɕː,
U0065_U0069_U032F_ei,ei̯,
U0063_U02D0_U02B0_c:h,cːʰ,
U0079_U02D0_y:,yː,
U00F8_U02D0_o:,øː,
U0075_U0251_U0069_uai,uɑi,
U0067_g,g,
U0079_U0251_ya,yɑ,
U03C7_U02E4_kh?,χˤ,
U0075_U0069_U032F_ui,ui̯,
U0062_U02B1_bh,bʱ,
U0074_U032A_U0073_U032A_U02B2_tsj,t̪s̪ʲ,
U006C_U02B1_lh,lʱ,
U0078_U02B0_xh,xʰ,
U0275_U0303_o,ɵ̃,
U0065_U0306_e,ĕ,
U0061_U0324_a,a̤,
U0061_U0069_U032F_U02D0_ai:,ai̯ː,
U026A_U02D0_I:,ɪː,
U0264_U02D0_U02D0_u::,ɤːː,
U0061_U026F_aW,aɯ,
U0254_U0303_U0324_U02D0_o:,ɔ̤̃ː,
U0061_U0330_a,a̰,
U0073_U033A_U02D0_s:,s̺ː,
U026A_U0303_U02D0_I:,ɪ̃ː,
U028A_U0308_U,ʊ̈,
U0079_U0324_y,y̤,
U006F_U0303_U02D0_o:,õː,
U006B_U0078_U02D0_U02BC_kx:',kxːʼ,
U0075_U0061_U031F_ua,ua̟,
U026A_U0259_I@,ɪə,
U0069_U0330_U02D0_i:,ḭː,
U0074_U032A_U033B_U0073_U032A_U033B_ts,t̪̻s̪̻,
U0074_U033A_U032A_t,t̺̪,
U0069_U0324_U02D0_i:,i̤ː,
U006C_U0325_U02D0_l:,l̥ː,
U00F8_U0324_o,ø̤,
U0075_U0324_U02D0_u:,ṳː,
U0061_U02DE_aR,a˞,
U006A_U0065_U0303_je,jẽ,
U006E_U032A_U02B2_nj,n̪ʲ,
U0073_U0347_s,s͇,
U006C_U02D0_U02D0_l::,lːː,
U028A_U0303_U,ʊ̃,
U0283_U02B7_Sw,ʃʷ,
U02BC_U0077_'w,ʼw,
U00F0_U02E4_d?,ðˤ,
U0251_U0303_U02D0_a:,ɑ̃ː,
U006F_U028A_U0303_oU,oʊ̃,
U0153_U006A_oej,œj,
U0074_U032A_U0073_U032A_U02B0_U02B7_U02B2_tshwj,t̪s̪ʰʷʲ,
U006B_U02D0_k:,kː,
U014B_U02B1_NGh,ŋʱ,
U0077_U0254_U02D0_wo:,wɔː,
U006F_U031F_U02D0_o:,o̟ː,
U0078_U02D0_U02B7_x:w,xːʷ,
U0250_U0303_a,ɐ̃,
U0065_U031E_U0303_U02D0_e:,ẽ̞ː,
U207F_U0074_U0073_nts,ⁿts,
U0281_R,ʁ,
U0074_U032A_U0073_ts,t̪s,
U0069_U032F_U0065_ie,i̯e,
U006C_U0325_U02B2_lj,l̥ʲ,
U006B_U02B2_U02D0_kj:,kʲː,
U025B_U0330_U02D0_e:,ɛ̰ː,
U025B_U026A_eI,ɛɪ,
U006A_U0069_ji,ji,
U006D_U02E0_mG,mˠ,
U0066_U2019_f',f’,
U0074_U0347_U0073_U0347_ts,t͇s͇,
U006C_U02D0_l:,lː,
U0079_U00F8_yo,yø,
U0289_U02D0_u:,ʉː,
U0264_U031F_U02D0_u:,ɤ̟ː,
U0074_U0283_U02D0_tS:,tʃː,
U0072_U033A_U0325_r,r̺̥,
U025C_e,ɜ,
U0254_U0061_U02D0_oa:,ɔaː,
U0067_U02B7_gw,gʷ,
U0275_o,ɵ,
U0074_U026C_U02BC_tl',tɬʼ,
U006B_U02D0_U02B7_k:w,kːʷ,
U028D_w,ʍ,
U0283_U031E_S,ʃ̞,
U0079_U006F_yo,yo,
U0074_U0283_U02B2_tSj,tʃʲ,
U0069_U0324_U0061_ia,i̤a,
U0074_U0283_U2019_tS',tʃ’,
U0061_U0303_U02D0_a:,ãː,
U0075_U02D0_U0259_u:@,uːə,
U006D_U0325_m,m̥,
U028C_U02D0_^:,ʌː,
U025B_U02D0_e:,ɛː,
U014B_U02B7_NGw,ŋʷ,
U0071_U02D0_U02B7_q:w,qːʷ,
U00E6_U0303_U02D0_ae:,æ̃ː,
U028A_U0308_U0069_Ui,ʊ̈i,
U026F_U031F_W,ɯ̟,
U027D_U0303_r,ɽ̃,
U006D_U0325_U02B2_mj,m̥ʲ,
U0153_oe,œ,
U0259_U0079_@y,əy,
U0069_U0061_ia,ia,
U006B_U02D0_U02B7_U02B0_k:wh,kːʷʰ,
U006B_U0078_U02D0_U02B0_kx:h,kxːʰ,
U0061_U02D0_U0075_a:u,aːu,
U006C_U0325_U02B2_U02D0_lj:,l̥ʲː,
U03B2_U02B2_U02D0_bj:,βʲː,
U006F_U031E_U0303_o,õ̞,
U025B_U032F_U00E6_U02D0_eae:,ɛ̯æː,
U0075_U02D0_U0069_u:i,uːi,
U0288_U0282_U02BC_ts',ʈʂʼ,
U0064_U032A_U02B2_dj,d̪ʲ,
U0075_U031C_u,u̜,
U0075_U0065_U031E_ue,ue̞,
U0074_U026C_U02B0_U02B7_tlhw,tɬʰʷ,
U006B_U02B7_U02B0_kwh,kʷʰ,
U007A_U032A_z,z̪,
U0073_U02E0_sG,sˠ,
U007A_U0320_z,z̠,
U0078_U02B2_xj,xʲ,
U00F8_U0259_o@,øə,
U0267_h,ɧ,
U0068_U02D0_h:,hː,
U0061_U0065_U032F_ae,ae̯,
U006F_U028A_oU,oʊ,
U0064_U0292_dZ,dʒ,
U0073_U032A_s,s̪,
U006D_U0329_m,m̩,
U03C7_U02B2_khj,χʲ,
U0075_U032F_U0061_ua,u̯a,
U026C_U032A_l,ɬ̪,
U0064_U0292_U02D0_dZ:,dʒː,
U0069_U032F_U0065_U0303_ie,i̯ẽ,
U0275_U0259_o@,ɵə,
U0254_U031E_U02D0_o:,ɔ̞ː,
U026E_U02BC_lZ',ɮʼ,
U0259_U026F_@W,əɯ,
U0064_U02B2_dj,dʲ,
U0263_g,ɣ,
U025B_U0289_eu,ɛʉ,
U0288_U033B_U0282_U033B_ts,ʈ̻ʂ̻,
U006D_U02B2_mj,mʲ,
U0074_U032A_U02BC_t',t̪ʼ,
U0254_U026A_oI,ɔɪ,
U0290_U033B_z,ʐ̻,
U207F_U0064_U0292_ndZ,ⁿdʒ,
U0071_U02B0_qh,qʰ,
U0074_U0320_t,t̠,
U0074_U015D_U02BC_ts',tŝʼ,
U027E_r,ɾ,
U0064_U0320_U02B0_dh,d̠ʰ,
U0069_U00E6_iae,iæ,
U0074_U02E2_ts,tˢ,
U025E_e,ɞ,
U0075_U0251_U02DE_uaR,uɑ˞,
U0283_U031E_U02BC_S',ʃ̞ʼ,
U0069_U0065_ie,ie,
U0069_U0075_iu,iu,
U02BC_U006E_'n,ʼn,
U0259_U0075_U0303_@u,əũ,
U0275_U0079_oy,ɵy,
U028E_y,ʎ,
U0064_U032A_U007A_U032A_dz,d̪z̪,
U006F_U0065_oe,oe,
U0289_u,ʉ,
U006E_U032A_U02B1_nh,n̪ʱ,
U006F_U032F_U00E4_oa,o̯ä,
U0283_S,ʃ,
U03B2_b,β,
U029D_U02D0_j:,ʝː,
U0070_U02BC_U02B7_p'w,pʼʷ,
U0074_U032A_U0073_U032A_U02B0_tsh,t̪s̪ʰ,
U0077_U0065_we,we,
U026A_U0303_U0259_U0303_I@,ɪ̃ə̃,
U026B_U033A_l,ɫ̺,
U0064_U0325_U02D0_d:,d̥ː,
U0077_U02B0_wh,wʰ,
U0077_U0061_U0303_wa,wã,
U025F_j,ɟ,
U0064_U02BC_d',dʼ,
U007A_U02B0_zh,zʰ,
U027D_U02B0_rh,ɽʰ,
U006F_U031E_o,o̞,
U0075_U032F_U0254_uo,u̯ɔ,
U0283_U02BC_S',ʃʼ,
U0069_U0065_U031E_ie,ie̞,
U006F_U006F_U032F_oo,oo̯,
U026F_W,ɯ,
U0079_U0069_U0303_yi,yĩ,
U0072_U0325_U02B2_U02D0_rj:,r̥ʲː,
U028F_U0303_U02D0_Y:,ʏ̃ː,
U00F0_d,ð,
U0077_U0254_U0303_wo,wɔ̃,
U0268_U0303_i,ɨ̃,
U0264_U006F_uo,ɤo,
U0256_U0290_dz,ɖʐ,
U0265_Y,ɥ,
U0076_U02E4_v?,vˤ,
U0062_U02B0_bh,bʰ,
U0074_U0073_U02D0_ts:,tsː,
U026A_U0303_U025B_Ie,ɪ̃ɛ,
U0153_U0079_oey,œy,
U0061_U026A_aI,aɪ,
U006E_U0329_n,n̩,
U0064_U033A_U02B1_dh,d̺ʱ,
U0074_U02B7_tw,tʷ,
U025E_U0320_e,ɞ̠,
U0069_U00F8_io,iø,
U027F_r,ɿ,
U0064_U032A_U02B0_dh,d̪ʰ,
U0079_U0069_yi,yi,
U0076_U02B2_vj,vʲ,
U026C_U033A_U032A_l,ɬ̺̪,
U0074_U0073_U02D0_U02BC_ts:',tsːʼ,
U0074_U0283_U02B0_U02E4_tSh?,tʃʰˤ,
U0261_g,ɡ,
U0259_U028A_@U,əʊ,
U0067_U02D0_g:,gː,
U0075_U0330_U02D0_u:,ṵː,
U006E_U0325_n,n̥,
U0075_U0320_U0075_uu,u̠u,
U00F0_U02BC_d',ðʼ,
U025B_U0330_e,ɛ̰,
U03C7_U02B7_khw,χʷ,
U014B_U0329_NG,ŋ̩,
U0074_U0073_U02D0_U02B0_ts:h,tsːʰ,
U0077_U025B_U0069_wei,wɛi,
U0251_U006A_aj,ɑj,
U0077_U0325_w,w̥,
U025F_U02B0_jh,ɟʰ,
U0075_U0324_u,ṳ,
U0065_U0303_U02D0_e:,ẽː,
U0281_U02B2_Rj,ʁʲ,
U0127_h,ħ,
U006C_U032A_U02B1_lh,l̪ʱ,
U0078_U02B2_U02D0_xj:,xʲː,
U0068_h,h,
U0254_U0324_U02D0_o:,ɔ̤ː,
U027E_U0325_r,ɾ̥,
U014B_U02D0_NG:,ŋː,
U0153_U031C_U02D0_oe:,œ̜ː,
U0074_U032A_U2019_t',t̪’,
U026F_U026A_U032F_WI,ɯɪ̯,
U0069_U031E_i,i̞,
U026F_U0061_Wa,ɯa,
U0075_U0254_uo,uɔ,
U0254_U0303_U02D0_o:,ɔ̃ː,
U0070_U02D0_U02B0_p:h,pːʰ,
U0074_U032A_U026C_U02BC_tl',t̪ɬʼ,
U027E_U0320_r,ɾ̠,
U0251_U031D_U031F_a,ɑ̝̟,
U00F0_U02D0_d:,ðː,
U02BC_U0263_'g,ʼɣ,
U028C_U0069_^i,ʌi,
U0258_U0306_e,ɘ̆,
U0282_U02B0_sh,ʂʰ,
U0067_U02D0_U02B7_g:w,gːʷ,
U0069_U02D0_U02D0_i::,iːː,
U0077_U0065_U0075_U032F_weu,weu̯,
U0069_U00E6_U0303_iae,iæ̃,
U026A_U032F_U0254_Io,ɪ̯ɔ,
U028A_U032F_U0254_Uo,ʊ̯ɔ,
U0258_U0320_e,ɘ̠,
U0079_U0303_U02D0_y:,ỹː,
U0074_U0283_tS,tʃ,
U0069_U0251_ia,iɑ,
U0064_U02B7_dw,dʷ,
U0275_U02D0_o:,ɵː,
U0061_U0065_ae,ae,
U0294_?,ʔ,
U0074_U0073_U02B0_tsh,tsʰ,
U0064_U007A_U02B1_dzh,dzʱ,
U0069_U0250_ia,iɐ,
U0268_U0069_ii,ɨi,
U0063_U00E7_cc,cç,
U006B_U02D0_U02D0_k::,kːː,
U0071_U02B7_qw,qʷ,
U0251_U0075_au,ɑu,
U006A_U0061_U0075_jau,jau,
U0071_U03C7_U02BC_qkh',qχʼ,
U006E_U032A_U0329_n,n̪̩,
U0065_U006F_eo,eo,
U0070_p,p,
U006C_U02B2_lj,lʲ,
U0254_U0079_U032F_U02D0_oy:,ɔy̯ː,
U006C_U02E0_lG,lˠ,
U0290_U02B2_zj,ʐʲ,
U03C7_U02D0_U02B7_kh:w,χːʷ,
U0065_U0303_e,ẽ,
U0074_U0283_U02BC_U02B7_tS'w,tʃʼʷ,
U0074_U026C_U02BC_U02D0_tl':,tɬʼː,
U0069_U025B_U0303_ie,iɛ̃,
U006C_U032A_U02E0_lG,l̪ˠ,
U0251_U006F_ao,ɑo,
U014B_U02B0_NGh,ŋʰ,
U02C0_U006C_?l,ˀl,
U0079_U0069_U032F_yi,yi̯,
U0064_U0320_d,d̠,
U0075_U0303_U006F_U02D0_uo:,ũoː,
U02B0_U0070_U02B2_hpj,ʰpʲ,
U0061_a,a,
U0065_U0330_e,ḛ,
U0077_U0061_U02D0_wa:,waː,
U006E_U02D0_U02D0_n::,nːː,
U026F_U02D0_U0069_W:i,ɯːi,
U006A_U0061_U0075_U032F_jau,jau̯,
U027B_U030A_r,ɻ̊,
U025E_U031C_e,ɞ̜,
U006C_U0325_l,l̥,
U026A_I,ɪ,
U0061_U0303_U0075_U0303_au,ãũ,
U0064_U032A_d,d̪,
U025B_U0250_ea,ɛɐ,
U0074_U026C_U2019_tl',tɬ’,
U0064_U032A_U02B1_dh,d̪ʱ,
U0254_o,ɔ,
U0071_U02E4_q?,qˤ,
U025F_U02B1_jh,ɟʱ,
U0069_U0324_U0250_ia,i̤ɐ,
U026F_U033D_W,ɯ̽,
U0279_U033A_r,ɹ̺,
U0153_U02D0_oe:,œː,
U0075_U0065_U0069_uei,uei,
U0074_U032A_U02B2_tj,t̪ʲ,
U0260_g,ɠ,
U0061_U0259_a@,aə,
U0268_U0324_U0250_ia,ɨ̤ɐ,
U026F_U0259_W@,ɯə,
U00F0_U033A_U032A_d,ð̺̪,
U0068_U02B7_hw,hʷ,
U0064_U0325_U0291_U0325_dz,d̥ʑ̥,
U03B2_U02B2_bj,βʲ,
U028B_U0329_v,ʋ̩,
U0076_U02D0_v:,vː,
U02C0_U006D_?m,ˀm,
U0283_U02B2_Sj,ʃʲ,
U0074_U02BC_t',tʼ,
U0289_U0069_U032F_ui,ʉi̯,
U0077_U0061_wa,wa,
U0077_U006F_wo,wo,
U0274_n,ɴ,
U025C_U0069_ei,ɜi,
U0065_U031E_U0075_U032F_eu,e̞u̯,
U0264_U031F_u,ɤ̟,
U0065_U0251_ea,eɑ,
U0289_U031F_U02D0_u:,ʉ̟ː,
U0061_U028A_U0303_aU,aʊ̃,
U0259_U02DE_@R,ə˞,
U0063_U00E7_U02D0_cc:,cçː,
U0075_U0324_U0250_ua,ṳɐ,
U006A_U006F_jo,jo,
U006A_U025B_U0303_je,jɛ̃,
U0268_U031F_U02D0_i:,ɨ̟ː,
U026F_U0069_U032F_Wi,ɯi̯,
U0294_U02BC_U02B7_?'w,ʔʼʷ,
U014B_U02B2_NGj,ŋʲ,
U026F_U033D_U0330_U02D0_W:,ɯ̰̽ː,
U027E_U02E0_rG,ɾˠ,
U0073_U032A_U033B_s,s̪̻,
U0283_U02D0_U02B7_S:w,ʃːʷ,
U0281_U02E4_R?,ʁˤ,
U0077_w,w,
U0077_U025B_U0303_we,wɛ̃,
U006F_U0254_oo,oɔ,
U0254_U0069_oi,ɔi,
U0074_U0073_U02B2_tsj,tsʲ,
U0074_U032A_U02E2_U02B2_tsj,t̪ˢʲ,
U0077_U0061_U0069_wai,wai,
U0072_U02D0_r:,rː,
U0072_U0325_U02B2_rj,r̥ʲ,
U0065_U026A_eI,eɪ,
U028C_U0303_^,ʌ̃,
U0066_U02BC_f',fʼ,
U006E_U02D0_n:,nː,
U207F_U0071_U02B0_nqh,ⁿqʰ,
U0063_U00E7_U02B0_cch,cçʰ,
U0079_U02D0_U02D0_y::,yːː,
U0064_U007A_U02B0_dzh,dzʰ,
U0075_U0061_U0069_uai,uai,
U1E91_U02B7_zw,ẑʷ,
U0292_U033A_Z,ʒ̺,
U00E6_U0303_U026A_U032F_U0303_aeI,æ̃ɪ̯̃,
U0064_U0292_U02B0_dZh,dʒʰ,
U0070_U02D0_U02D0_p::,pːː,
U026C_U2019_l',ɬ’,
U0074_U02B2_tj,tʲ,
U0254_U0075_U032F_ou,ɔu̯,
U025C_U0339_e,ɜ̹,
U0075_U0069_ui,ui,
U0075_U0324_U0061_ua,ṳa,
U006B_U02B2_kj,kʲ,
U0261_U02B2_gj,ɡʲ,
U0065_U025B_ee,eɛ,
U0064_U0292_U02B2_dZj,dʒʲ,
U0251_U0303_a,ɑ̃,
U028A_U031E_U,ʊ̞,
U006F_U031E_U0061_oa,o̞a,
U0071_U2019_q',q’,
U0064_U032A_U02E4_d?,d̪ˤ,
U0251_U0069_ai,ɑi,
U0256_U02B1_dh,ɖʱ,
U007A_U02E4_z?,zˤ,
U0064_U02B0_dh,dʰ,
U02B0_U0074_ht,ʰt,
U0065_U032F_U00E4_ea,e̯ä,
U0074_U015D_U02B7_U02BC_tsw',tŝʷʼ,
U0061_U02D0_U0303_a:,aː̃,
U02BC_U0064_'d,ʼd,
U0069_U0303_U0065_U0303_ie,ĩẽ,
U0254_U0303_U028A_U032F_U0303_oU,ɔ̃ʊ̯̃,
U006A_U0075_U0069_jui,jui,
U0075_U02D0_u:,uː,
U0262_g,ɢ,
U0272_U030A_n,ɲ̊,
U02B0_U006B_U02B2_hkj,ʰkʲ,
U0071_U02E4_U02BC_q?',qˤʼ,
U027B_r,ɻ,
U0292_U02B2_Zj,ʒʲ,
U0282_U02D0_s:,ʂː,
U0020_U0291_ z, ʑ,
U0074_U02B2_U02B0_tjh,tʲʰ,
U0275_U031E_U0330_o,ɵ̞̰,
U0074_U0282_ts,tʂ,
U006C_U033B_l,l̻,
U006A_U0061_U0069_jai,jai,
U0079_U025B_ye,yɛ,
U0079_U0259_U032F_y@,yə̯,
U0259_U02D0_U0069_@:i,əːi,
U0070_U02B0_U02E4_ph?,pʰˤ,
U0250_U026A_aI,ɐɪ,
U0251_U0324_a,ɑ̤,
U02BC_U014B_'NG,ʼŋ,
U028A_U0306_U,ʊ̆,
U0153_U031C_oe,œ̜,
U0074_U015D_U02B7_U02B0_tswh,tŝʷʰ,
U207F_U0074_U0073_U02B0_ntsh,ⁿtsʰ,
U0075_U0153_uoe,uœ,
U0074_U0283_U02B7_tSw,tʃʷ,
U0075_U0251_ua,uɑ,
U025E_U0065_U032F_ee,ɞe̯,
U0069_U031E_U0303_i,ĩ̞,
U0069_U032F_U0075_U006F_iuo,i̯uo,
U006B_U02B7_kw,kʷ,
U007A_U02B2_zj,zʲ,
U0077_U0069_wi,wi,
U0072_U0325_U02D0_r:,r̥ː,
U025F_U029D_jj,ɟʝ,
U0263_U030A_g,ɣ̊,
U006D_U02B7_mw,mʷ,
U0254_U0324_o,ɔ̤,
U0254_U02D0_o:,ɔː,
U0074_U0255_U02BC_tc',tɕʼ,
U006F_U0306_o,ŏ,
U0069_U0065_U0303_ie,iẽ,
U0066_U02E0_fG,fˠ,
U006E_U02E0_nG,nˠ,
U0066_U02D0_f:,fː,
U006D_U02D0_m:,mː,
U006F_U0324_o,o̤,
U0074_U02B7_U02B0_twh,tʷʰ,
U0075_U006F_uo,uo,
U006A_U0075_U0061_U02D0_jua:,juaː,
U0074_U032A_U0073_U032A_U02BC_U02B7_U02B2_ts'wj,t̪s̪ʼʷʲ,
U0069_U031E_U02D0_i:,i̞ː,
U207F_U0067_ng,ⁿg,
U0061_U0303_U026A_U032F_U02D0_aI:,ãɪ̯ː,
U0065_U0324_U02D0_e:,e̤ː,
U006A_U0303_j,j̃,
U0251_U031F_U0324_U02D0_a:,ɑ̟̤ː,
U0075_U0303_U0069_U0303_ui,ũĩ,
U006D_U02B2_U02D0_mj:,mʲː,
U0078_U02B7_xw,xʷ,
U0065_U031E_U0330_e,e̞̰,
U0061_U0303_U025B_U0303_ae,ãɛ̃,
U006A_U02B0_jh,jʰ,
U0074_U0320_U02B0_th,t̠ʰ,
U0074_U0283_U033B_tS,tʃ̻,
U0064_U032A_U033B_d,d̪̻,
U0256_U0324_U02B1_dh,ɖ̤ʱ,
U0292_U0329_Z,ʒ̩,
U006E_U0325_U02D0_n:,n̥ː,
U0074_U032A_U026C_tl,t̪ɬ,
U0069_U02D0_i:,iː,
U0074_U02BC_U02B7_t'w,tʼʷ,
U0073_U02B2_U02D0_U02D0_sj::,sʲːː,
U0061_U0303_a,ã,
U0072_U032A_U02B2_rj,r̪ʲ,
U0065_U02D0_e:,eː,
U00E6_U0075_aeu,æu,
U025B_e,ɛ,
U006B_U02B7_U02BC_kw',kʷʼ,
U015D_U02B7_sw,ŝʷ,
U0061_U031F_a,a̟,
U0074_U033A_U0073_U033A_ts,t̺s̺,
U027E_U02B2_rj,ɾʲ,
U0075_U00E6_uae,uæ,
U026E_lZ,ɮ,
U0259_U0075_@u,əu,
U0283_U033A_S,ʃ̺,
U006B_U02B2_U02BC_kj',kʲʼ,
U006C_U02B0_lh,lʰ,
U0071_U2019_U02B7_q'w,q’ʷ,
U0074_U032A_U02D0_t:,t̪ː,
U026F_U032F_U0264_U031E_Wu,ɯ̯ɤ̞,
U0251_U031D_U02D0_a:,ɑ̝ː,
U0074_U0283_U033A_U02B0_tSh,tʃ̺ʰ,
U0070_U02BC_U02B2_p'j,pʼʲ,
U0262_U0281_gR,ɢʁ,
U0072_U02B2_rj,rʲ,
U0064_U0325_d,d̥,
U026C_U02B7_lw,ɬʷ,
U0079_U025C_ye,yɜ,
U006F_U0324_U02D0_o:,o̤ː,
U0075_U0259_U032F_u@,uə̯,
U0072_U033A_r,r̺,
U006C_U0320_U02B2_lj,l̠ʲ,
U0254_U0061_oa,ɔa,
U0074_U0073_U02BC_U02D0_ts':,tsʼː,
U015D_U02BC_s',ŝʼ,
U0254_U0330_o,ɔ̰,
U0072_U02D0_U02D0_r::,rːː,
U0078_U0320_x,x̠,
U006F_o,o,
U0071_U02BC_U02B7_q'w,qʼʷ,
U02B0_U0074_U0073_U02D0_hts:,ʰtsː,
U00F8_U031E_U02D0_o:,ø̞ː,
U0075_U0303_u,ũ,
U0061_U02D0_a:,aː,
U0294_U0303_?,ʔ̃,
U0251_U031F_U0324_a,ɑ̟̤,
U207F_U0074_U0283_ntS,ⁿtʃ,
U0254_U031C_U02D0_o:,ɔ̜ː,
U0069_U006F_U0075_iou,iou,
U0074_U0282_U02B0_tsh,tʂʰ,
U007A_U02B7_zw,zʷ,
U025E_U0320_U02D0_e:,ɞ̠ː,
U207F_U0064_U032A_U007A_U032A_ndz,ⁿd̪z̪,
U0255_U02D0_c:,ɕː,
U0254_U028A_oU,ɔʊ,
U0064_U02E4_d?,dˤ,
U0259_U0303_U0069_U0303_@i,ə̃ĩ,
U0075_U0303_U0061_U0303_ua,ũã,
U0074_U026C_tl,tɬ,
U027F_U02E0_rG,ɿˠ,
U026B_U02D0_l:,ɫː,
U0074_U0073_U02BC_ts',tsʼ,
U0252_U0303_U02D0_a:,ɒ̃ː,
U025B_U02E4_e?,ɛˤ,
U0264_U0061_ua,ɤa,
U0275_U0306_o,ɵ̆,
U028A_U0069_Ui,ʊi,
U0069_U02DE_iR,i˞,
U0071_U03C7_qkh,qχ,
U006E_U02B2_U02D0_nj:,nʲː,
U0259_U0303_@,ə̃,
U0075_U02DE_uR,u˞,
U0075_U02D0_U0303_u:,uː̃,
U0068_U0303_h,h̃,
U0256_d,ɖ,
U0077_U006F_U02D0_wo:,woː,
U0074_U032A_U02BC_U02B7_t'w,t̪ʼʷ,
U0075_U02D0_U0065_u:e,uːe,
U02C0_U006E_?n,ˀn,
U027D_U030A_r,ɽ̊,
U0075_U025B_U0303_ue,uɛ̃,
U006F_U0303_U0061_U0303_oa,õã,
U0265_U02E4_Y?,ɥˤ,
U0074_U0283_U033A_tS,tʃ̺,
U025B_U0061_ea,ɛa,
U0073_U032A_U02B7_U02B2_swj,s̪ʷʲ,
U0251_U0306_a,ɑ̆,
U0061_U0303_U0324_U02D0_a:,ã̤ː,
U025B_U0303_U0075_U0303_eu,ɛ̃ũ,
U0064_U033A_U007A_U033A_U02D0_dz:,d̺z̺ː,
U006A_U0061_U02D0_ja:,jaː,
U0062_U02D0_b:,bː,
U0268_U0069_U032F_ii,ɨi̯,
U0064_U007A_U032A_dz,dz̪,
U0074_U032A_U0073_U032A_U02BC_ts',t̪s̪ʼ,
U0254_U006A_oj,ɔj,
U0264_U031F_U0339_u,ɤ̟̹,
U00F0_U02B2_dj,ðʲ,
U0153_U0069_oei,œi,
U0270_W,ɰ,
U0064_U029D_dj,dʝ,
U0077_U02C0_w?,wˀ,
U0075_U0250_ua,uɐ,
U025E_U02D0_e:,ɞː,
U00F8_U0251_oa,øɑ,
U02B0_U006B_U02D0_hk:,ʰkː,
U02BC_U006A_'j,ʼj,
U0289_U025E_U0320_ue,ʉɞ̠,
U0254_U0077_ow,ɔw,
U006C_U032A_U02B2_lj,l̪ʲ,
U025E_U0330_e,ɞ̰,
U0066_U02B2_U02D0_fj:,fʲː,
U0250_U0075_au,ɐu,
U0259_U0303_U0324_U02D0_@:,ə̤̃ː,
U006E_U0325_U02B2_nj,n̥ʲ,
U006F_U02D0_o:,oː,
U0061_U0075_U032F_au,au̯,
U0074_U033B_U0283_U033B_tS,t̻ʃ̻,
U0074_U0347_U0073_U0347_U02B0_tsh,t͇s͇ʰ,
U0064_U033B_U0292_U033B_dZ,d̻ʒ̻,
U0074_U0283_U02D0_U02B0_tS:h,tʃːʰ,
U027D_U0324_U02B1_rh,ɽ̤ʱ,
U0254_U031F_U031C_U02D0_o:,ɔ̟̜ː,
U02A1_?,ʡ,
U0069_U0303_i,ĩ,
U0254_U031D_o,ɔ̝,
U207F_U0064_U007A_ndz,ⁿdz,
U006F_U006A_oj,oj,
U0074_U0073_U02B2_U02D0_tsj:,tsʲː,
U0079_y,y,
U0070_U02B2_pj,pʲ,
U025B_U0077_ew,ɛw,
U028C_U031F_U0324_^,ʌ̟̤,
U0153_U031E_U025B_U031E_oee,œ̞ɛ̞,
U0069_U032F_U0065_U031E_ie,i̯e̞,
U0074_U2019_t',t’,
U0064_U033B_d,d̻,
U0259_U0077_@w,əw,
U0074_U033A_U0255_U033A_U02BC_tc',t̺ɕ̺ʼ,
U028A_U0259_U@,ʊə,
U0074_U0283_U02BC_tS',tʃʼ,
U0073_U032A_U02B2_sj,s̪ʲ,
U0075_U0303_U0324_U02D0_u:,ṳ̃ː,
U0262_U02B7_gw,ɢʷ,
U006A_U006F_U0069_joi,joi,
U0061_U0303_U0069_U0303_ai,ãĩ,
U0071_U02BC_U02B2_q'j,qʼʲ,
U0067_U02B2_U02D0_gj:,gʲː,
U0074_U033A_t,t̺,
U207F_U0064_U0347_U007A_U0347_ndz,ⁿd͇z͇,
U0074_U0073_U2019_ts',ts’,
U0251_a,ɑ,
U0074_U033B_t,t̻,
U0258_e,ɘ,
U006F_U0303_o,õ,
U0079_U00F8_U031E_yo,yø̞,
U006F_U02DE_oR,o˞,
U0279_U0325_r,ɹ̥,
U0254_U031E_U0303_o,ɔ̞̃,
U006D_U02B1_mh,mʱ,
U026A_U0303_U025B_U02D0_Ie:,ɪ̃ɛː,
U0069_U02D1_i.,iˑ,
U207F_U0063_U02B0_nch,ⁿcʰ,
U1E91_z,ẑ,
U207F_U0064_U032A_nd,ⁿd̪,
U0251_U02D0_a:,ɑː,
U006B_U02BC_U02D0_U02B7_k':w,kʼːʷ,
U006F_U0075_U032F_ou,ou̯,
U007A_U0329_z,z̩,
U006F_U0330_o,o̰,
U0073_U02E4_s?,sˤ,
U028C_U031F_^,ʌ̟,
U0079_U0330_U02D0_y:,y̰ː,
U0268_U031E_U02D0_i:,ɨ̞ː,
U006B_U02BC_U02B7_k'w,kʼʷ,
U0064_U033A_U0292_U033A_dZ,d̺ʒ̺,
U0282_U033B_s,ʂ̻,
U0074_U0255_U02B0_tch,tɕʰ,
U028C_U0324_^,ʌ̤,
U0079_U0303_y,ỹ,
U0074_U02B0_th,tʰ,
U03C7_U02D0_kh:,χː,
U0069_U025B_U0320_ie,iɛ̠,
U0259_U0069_@i,əi,
U0268_U0320_i,ɨ̠,
U02B0_U0074_U02B2_htj,ʰtʲ,
U0074_U026C_U02D0_tl:,tɬː,
U0254_U0330_U02D0_o:,ɔ̰ː,
U0061_U025B_ae,aɛ,
U0075_U032F_U006F_uo,u̯o,
U0070_U02B2_U02B0_pjh,pʲʰ,
U0069_U0077_iw,iw,
U0070_U02B0_U02B7_phw,pʰʷ,
U207F_U0063_nc,ⁿc,
U0075_U02D0_U028C_u:^,uːʌ,
U006D_U02B0_mh,mʰ,
U0070_U02BC_p',pʼ,
U0062_U0325_b,b̥,
U0075_U025B_ue,uɛ,
U0259_U0268_@i,əɨ,
U006E_U0320_U02B2_nj,n̠ʲ,
U0074_U02B7_U02BC_tw',tʷʼ,
U026F_U0324_W,ɯ̤,
U028A_U0303_U02D0_U:,ʊ̃ː,
U0073_U0320_s,s̠,
U0061_U006A_aj,aj,
U207F_U0288_U0282_nts,ⁿʈʂ,
U028C_U0075_^u,ʌu,
U0065_U031E_U02D0_e:,e̞ː,
U0069_U033D_i,i̽,
U0074_U00E7_tc,tç,
U006A_U0061_ja,ja,
U0073_U02D0_U02D0_s::,sːː,
U0075_U032F_U006F_U0303_uo,u̯õ,
U02B0_U0074_U0255_htc,ʰtɕ,
U0074_U0283_U02B0_U02B7_tShw,tʃʰʷ,
U0252_U02D0_U0069_U032F_a:i,ɒːi̯,
U006B_U0078_kx,kx,
U0074_U026C_U02B0_tlh,tɬʰ,
U0077_U02B2_wj,wʲ,
U0254_U028A_U032F_oU,ɔʊ̯,
U0264_U0065_ue,ɤe,
U0064_U033A_U007A_U033A_dz,d̺z̺,
U0063_U2019_c',c’,
U00E6_U02D0_U0069_ae:i,æːi,
U006D_U0325_U02B2_U02D0_mj:,m̥ʲː,
U0268_U0339_i,ɨ̹,
U0077_U0065_U0069_U032F_wei,wei̯,
U0062_U02B2_U02D0_bj:,bʲː,
U0078_U006B_xk,xk,
U03C7_U02B7_U02B2_khwj,χʷʲ,
U0065_U006A_ej,ej,
U0065_U0069_ei,ei,
U207F_U0074_U0347_U0073_U0347_U02B0_ntsh,ⁿt͇s͇ʰ,
U0073_U02B2_U02D0_sj:,sʲː,
U0074_U032A_U0073_U032A_U02B7_U02B2_tswj,t̪s̪ʷʲ,
U0127_U02B7_hw,ħʷ,
U0254_U0303_U031F_U031C_U02D0_o:,ɔ̟̜̃ː,
U006A_U030A_j,j̊,
U0073_U0320_U033B_s,s̠̻,
U026A_U031E_I,ɪ̞,
U0071_U02B0_U02B7_U02B2_qhwj,qʰʷʲ,
U207F_U025F_nj,ⁿɟ,
U00E6_U0303_U0069_aei,æ̃i,
U0071_U02B2_qj,qʲ,
U0064_U032A_U0324_U02B1_dh,d̪̤ʱ,
U0071_U02B2_U02BC_qj',qʲʼ,
U0070_U0066_pf,pf,
U0258_U02D0_e:,ɘː,
U0067_U0324_U02B1_gh,g̤ʱ,
U0074_t,t,
U006E_U032A_U02E0_nG,n̪ˠ,
U0259_U0306_@,ə̆,
U0258_U02DE_eR,ɘ˞,
U0251_U02D0_U0069_a:i,ɑːi,
U02B0_U0074_U0283_htS,ʰtʃ,
U026A_U025B_U02D0_Ie:,ɪɛː,
U207F_U0064_nd,ⁿd,
U0062_U02B2_bj,bʲ,
U026F_U033D_U02D0_W:,ɯ̽ː,
U007A_U02B2_U02D0_zj:,zʲː,
U006A_U0079_jy,jy,
U0259_U0252_@a,əɒ,
U006A_U00E6_jae,jæ,
U0067_U030A_U02D0_g:,g̊ː,
U0071_U02BC_U02D0_U02B7_q':w,qʼːʷ,
U00E6_U0303_ae,æ̃,
U0071_U02B0_U02B7_qhw,qʰʷ,
U0251_U0065_ae,ɑe,
U03B8_th,θ,
U0066_U02D0_U02D0_f::,fːː,
U025B_U0075_eu,ɛu,
U0074_U032A_t,t̪,
U025B_U02D0_U0303_e:,ɛː̃,
U006A_U0065_U0069_U032F_jei,jei̯,
U0072_U02B1_rh,rʱ,
U0288_U02B0_th,ʈʰ,
U0272_U02D0_n:,ɲː,
U027A_r,ɺ,
U0074_U0073_U02B0_U02B7_tshw,tsʰʷ,
U0074_U0283_U02BC_U02D0_tS':,tʃʼː,
U00F8_U02D0_U02D0_o::,øːː,
U0252_U02D0_a:,ɒː,
U006B_k,k,
U0257_d,ɗ,
U0065_U0075_eu,eu,
U0283_U02D0_U02D0_S::,ʃːː,
U03B2_U02D0_b:,βː,
U006B_U02B7_U02B2_kwj,kʷʲ,
U0078_U02D0_x:,xː,
U0065_U0077_ew,ew,
U02BC_U006D_'m,ʼm,
U0252_a,ɒ,
U0254_U031F_U031C_o,ɔ̟̜,
U0251_U028A_aU,ɑʊ,
U006A_U006F_U02D0_jo:,joː,
U025B_U031E_U02D0_e:,ɛ̞ː,
U025B_U0303_U02D0_e:,ɛ̃ː,
U0069_U0330_i,ḭ,
U0074_U032A_U0073_U032A_U02B0_U02B2_tshj,t̪s̪ʰʲ,
U03C7_kh,χ,
U02C0_U0072_?r,ˀr,
U00E6_U0065_aee,æe,
U0077_U006F_U0303_U02D0_wo:,wõː,
U0127_U0303_U02B2_hj,ħ̃ʲ,
U0258_U0303_e,ɘ̃,
U0072_U0329_r,r̩,
U02BC_U0261_'g,ʼɡ,
U0282_s,ʂ,
U0061_U026A_U0303_aI,aɪ̃,
U0254_U031F_U031C_U0330_o,ɔ̟̜̰,
U026A_U0075_Iu,ɪu,
U006C_U0329_l,l̩,
U207F_U0074_U02B0_nth,ⁿtʰ,
U00F8_U0079_U032F_oy,øy̯,
U027E_U033A_r,ɾ̺,
U026A_U0303_I,ɪ̃,
U0256_U02B0_dh,ɖʰ,
U02B0_U0070_hp,ʰp,
U006B_U02BC_U02B7_U02B2_k'wj,kʼʷʲ,
U0064_U032A_U0325_d,d̪̥,
U026F_U0324_U0061_Wa,ɯ̤a,
U0069_U02D0_U0259_i:@,iːə,
U028C_U006A_^j,ʌj,
U0073_U02B2_U02B0_sjh,sʲʰ,
U0264_U0306_U031E_u,ɤ̞̆,
U0259_U02D0_@:,əː,
U0253_b,ɓ,
U0075_U0330_u,ṵ,
U0070_U02E0_pG,pˠ,
U02B0_U006B_hk,ʰk,
U0075_U006F_U031E_uo,uo̞,
U0264_U0069_ui,ɤi,
U0268_U031E_U0330_i,ɨ̞̰,
U0074_U033A_U02BC_t',t̺ʼ,
U0064_U1E91_U02B7_dzw,dẑʷ,
U0064_U032A_U033A_d,d̪̺,
U007A_U0325_z,z̥,
U006E_U033A_n,n̺,
U0065_U02D0_U0069_e:i,eːi,
U0072_U033A_U02B2_rj,r̺ʲ,
U00E6_U0069_aei,æi,
U0069_U0258_ie,iɘ,
U0280_R,ʀ,
U0074_U0283_U02BC_U02E4_tS'?,tʃʼˤ,
U02C0_U006A_?j,ˀj,
U028A_U031C_U,ʊ̜,
U0251_U0330_U02D0_a:,ɑ̰ː,
U029D_j,ʝ,
U0290_z,ʐ,
U0069_U006A_ij,ij,
U026C_U02E0_lG,ɬˠ,
U0264_U031E_u,ɤ̞,
U00F8_U0308_o,ø̈,
U006B_U02B2_U02B0_kjh,kʲʰ,
U006F_U0061_oa,oa,
U0153_U0320_U02D0_oe:,œ̠ː,
U0074_U026C_U02D0_U02BC_tl:',tɬːʼ,
U0070_U02B0_ph,pʰ,
U0283_U02D0_S:,ʃː,
U0079_U0153_yoe,yœ,
U0067_U02B2_gj,gʲ,
U207F_U0256_nd,ⁿɖ,
U0075_U0303_U006F_uo,ũo,
U207F_U0256_U027D_ndr,ⁿɖɽ,
U0074_U0283_U02B0_tSh,tʃʰ,
U0074_U0073_U02B0_U02E4_tsh?,tsʰˤ,
U0079_U031E_y,y̞,
U0074_U026C_U02D0_U02B0_tl:h,tɬːʰ,
U0066_U0329_f,f̩,
U006C_U033A_l,l̺,
U0064_U032A_U1DBB_U02B2_dj,d̪ᶻʲ,
U02B0_U0070_U02D0_hp:,ʰpː,
U007A_z,z,
U027D_U02B1_rh,ɽʱ,
U0273_U02B1_nh,ɳʱ,
U0256_U033B_U0290_U033B_dz,ɖ̻ʐ̻,
U0075_U028C_u^,uʌ,
U006A_U02C0_j?,jˀ,
U006B_U2019_U02B7_k'w,k’ʷ,
U0073_U02D0_s:,sː,
U0074_U02B0_U02B7_thw,tʰʷ,
U006A_U025B_U0069_jei,jɛi,
U028C_^,ʌ,
U025B_U0065_ee,ɛe,
U0263_U02B7_gw,ɣʷ,
U0068_U02B2_hj,hʲ,
